{
  "id": 0,
  "name": 1,
  "location_x": 404.7352858872441,
  "location_y": 808.9905974925377
}
