{
  "id": 0,
  "name": 1,
  "location_x": 395.4222755357768,
  "location_y": 816.1218023764925
}
