{
  "id": 0,
  "name": 1,
  "location_x": 355.66251193338434,
  "location_y": 945.4279992176077
}
