{
  "id": 0,
  "name": 1,
  "location_x": 395.8745418793974,
  "location_y": 944.8910921033594
}
