{
  "id": 0,
  "name": 1,
  "location_x": 394.9166105690523,
  "location_y": 944.5401792173031
}
