{
  "id": 0,
  "name": 1,
  "location_x": 392.5090047676428,
  "location_y": 943.8118858411763
}
