{
  "id": 0,
  "name": 1,
  "location_x": 394.4161936739499,
  "location_y": 942.7971127158717
}
