{
  "id": 0,
  "name": 1,
  "location_x": 395.9732846860532,
  "location_y": 943.9137217501218
}
