{
  "id": 0,
  "name": 1,
  "location_x": 391.4861709564982,
  "location_y": 943.4597974632218
}
