{
  "id": 0,
  "name": 1,
  "location_x": 390.4249575728329,
  "location_y": 942.3259772287706
}
