{
  "id": 0,
  "name": 1,
  "location_x": 393.90041477731324,
  "location_y": 944.7717665882369
}
