{
  "id": 0,
  "name": 1,
  "location_x": 394.38208001863654,
  "location_y": 941.2648233335617
}
