{
  "id": 0,
  "name": 1,
  "location_x": 395.16881753129564,
  "location_y": 944.4808418615983
}
