{
  "id": 0,
  "name": 1,
  "location_x": 393.77599526567064,
  "location_y": 941.5712364747044
}
