{
  "id": 0,
  "name": 1,
  "location_x": 394.0420609561556,
  "location_y": 943.1685669659173
}
