{
  "id": 0,
  "name": 1,
  "location_x": 395.46080888595725,
  "location_y": 943.8724403306987
}
