{
  "id": 0,
  "name": 1,
  "location_x": 396.1296914381358,
  "location_y": 943.5344495271381
}
