{
  "id": 0,
  "name": 1,
  "location_x": 394.83332018638447,
  "location_y": 944.261728030199
}
