{
  "id": 0,
  "name": 1,
  "location_x": 390.0650672838237,
  "location_y": 944.0585226018061
}
