{
  "id": 0,
  "name": 1,
  "location_x": 391.2672956738091,
  "location_y": 942.9459100020558
}
