{
  "id": 0,
  "name": 1,
  "location_x": 410.21774797644065,
  "location_y": 863.4275321142482
}
