{
  "id": 0,
  "name": 1,
  "location_x": 393.1499958596034,
  "location_y": 941.6498921117354
}
